Genome_ID	lineage	lineage_score/participation_index	Confidence_level
KY853667	Xylivirus Xf109;Xylivirus;Inoviridae;Tubulavirales;Faserviricetes;Hofneiviricota;Loebvirae;Monodnaviria	1.3263553471455582	High-confidence
EU916176	-;-;Phycodnaviridae;Algavirales;Megaviricetes;Nucleocytoviricota;Bamfordvirae;Varidnaviria	0.9395171837019852	High-confidence
KU159360	Bovine rhinitis B virus;Aphthovirus;Picornaviridae;Picornavirales;Pisoniviricetes;Pisuviricota;Orthornavirae;Riboviria	3.614842680668856	High-confidence
M16020	Cardiovirus B;Cardiovirus;Picornaviridae;Picornavirales;Pisoniviricetes;Pisuviricota;Orthornavirae;Riboviria	5.094475363314486	High-confidence
MT078988	Agtrevirus AG3;Agtrevirus;Ackermannviridae;-;Caudoviricetes;Uroviricota;Heunggongvirae;Duplodnaviria	1.9740756470909568	High-confidence
FR667955	Teseptimavirus N30;Teseptimavirus;Autographiviridae;-;Caudoviricetes;Uroviricota;Heunggongvirae;Duplodnaviria	1.8267987377432537	High-confidence
MT774377	Jahgtovirus gastrointestinalis;Jahgtovirus;Intestiviridae;Crassvirales;Caudoviricetes;Uroviricota;Heunggongvirae;Duplodnaviria	2.6348336910278736	High-confidence
JN258408	Megavirus baoshanense;Megavirus;Mimiviridae;Imitervirales;Megaviricetes;Nucleocytoviricota;Bamfordvirae;Varidnaviria	1.8645804203368401	High-confidence
J02448	Inovirus M13;Inovirus;Inoviridae;Tubulavirales;Faserviricetes;Hofneiviricota;Loebvirae;Monodnaviria	2.4588443099437116	High-confidence
KT728930	Affertcholeramvirus CTXphi;Affertcholeramvirus;Inoviridae;Tubulavirales;Faserviricetes;Hofneiviricota;Loebvirae;Monodnaviria	1.5947552053703404	High-confidence
BK013480	-;Weheuvirus;Steitzviridae;Timlovirales;Leviviricetes;Lenarviricota;Orthornavirae;Riboviria	1.224607730078317	High-confidence
MN966732	Thalassavirus athena;Thalassavirus;Demerecviridae;-;Caudoviricetes;Uroviricota;Heunggongvirae;Duplodnaviria	1.9100867780829396	High-confidence
FJ904927	Fibrovirus fs1;Fibrovirus;Inoviridae;Tubulavirales;Faserviricetes;Hofneiviricota;Loebvirae;Monodnaviria	1.5667035430773133	High-confidence
BK013891	-;-;Steitzviridae;Timlovirales;Leviviricetes;Lenarviricota;Orthornavirae;Riboviria	0.9006696189288012	High-confidence
KC292020	Haloferacalesvirus HJTV2;Haloferacalesvirus;Hafunaviridae;Thumleimavirales;Caudoviricetes;Uroviricota;Heunggongvirae;Duplodnaviria	1.6271235476019799	High-confidence
DQ079876	Alphatrevirus ID32;Alphatrevirus;Microviridae;Petitvirales;Malgrandaviricetes;Phixviricota;Sangervirae;Monodnaviria	1.6187571742628872	High-confidence
MF172923	Cardiovirus B;Cardiovirus;Picornaviridae;Picornavirales;Pisoniviricetes;Pisuviricota;Orthornavirae;Riboviria	4.875853884743498	High-confidence
KU168861	Bovine rhinitis B virus;Aphthovirus;Picornaviridae;Picornavirales;Pisoniviricetes;Pisuviricota;Orthornavirae;Riboviria	3.5506551239795554	High-confidence
AB043679	Versovirus VfO3K6;Versovirus;Inoviridae;Tubulavirales;Faserviricetes;Hofneiviricota;Loebvirae;Monodnaviria	1.579535425722912	High-confidence
DQ079869	Gequatrovirus ID52;Gequatrovirus;Microviridae;Petitvirales;Malgrandaviricetes;Phixviricota;Sangervirae;Monodnaviria	1.5376611197831265	High-confidence
EU304328	-;-;Phycodnaviridae;Algavirales;Megaviricetes;Nucleocytoviricota;Bamfordvirae;Varidnaviria	1.6074344314638607	High-confidence
U41758	Chlamydiamicrovirus Chp2;Chlamydiamicrovirus;Microviridae;Petitvirales;Malgrandaviricetes;Phixviricota;Sangervirae;Monodnaviria	1.5524707930024655	High-confidence
MG748547	Kuttervirus dinky;Kuttervirus;Ackermannviridae;-;Caudoviricetes;Uroviricota;Heunggongvirae;Duplodnaviria	1.9895059470397713	High-confidence
EU916176|_sliding:34001-35000	-;-;Phycodnaviridae;Algavirales;Megaviricetes;Nucleocytoviricota;Bamfordvirae;Varidnaviria	1.7984982074156042	High-confidence
EU916176|_sliding:49001-50000	Ectocarpus siliculosus virus 1;Phaeovirus;Phycodnaviridae;Algavirales;Megaviricetes;Nucleocytoviricota;Bamfordvirae;Varidnaviria	2.7935151922830816	High-confidence
EU916176|_sliding:104001-105000	-;-;Phycodnaviridae;Algavirales;Megaviricetes;Nucleocytoviricota;Bamfordvirae;Varidnaviria	1.2757671207445007	High-confidence
EU916176|_sliding:133001-134000	Ectocarpus siliculosus virus 1;Phaeovirus;Phycodnaviridae;Algavirales;Megaviricetes;Nucleocytoviricota;Bamfordvirae;Varidnaviria	2.9988663090668055	High-confidence
OP880253|_sliding:33001-34000	Kukulkanvirus guaymasense;Kukulkanvirus;Ekchuahviridae;Nakonvirales;Caudoviricetes;Uroviricota;Heunggongvirae;Duplodnaviria	1.5459267963146766	High-confidence
OP880253|_sliding:72001-73000	Kukulkanvirus guaymasense;Kukulkanvirus;Ekchuahviridae;Nakonvirales;Caudoviricetes;Uroviricota;Heunggongvirae;Duplodnaviria	0.9702916722033832	High-confidence
MT078988|_sliding:1001-2000	Agtrevirus AG3;Agtrevirus;Ackermannviridae;-;Caudoviricetes;Uroviricota;Heunggongvirae;Duplodnaviria	5.318500405699926	High-confidence
MT078988|_sliding:10001-11000	Agtrevirus MK13;Agtrevirus;Ackermannviridae;-;Caudoviricetes;Uroviricota;Heunggongvirae;Duplodnaviria	3.3929125255472954	High-confidence
MT078988|_sliding:15001-16000	Agtrevirus MK13;Agtrevirus;Ackermannviridae;-;Caudoviricetes;Uroviricota;Heunggongvirae;Duplodnaviria	1.451556366383761	High-confidence
MT078988|_sliding:20001-21000	Agtrevirus MK13;Agtrevirus;Ackermannviridae;-;Caudoviricetes;Uroviricota;Heunggongvirae;Duplodnaviria	1.689406281092586	High-confidence
MT078988|_sliding:58001-59000	Agtrevirus MK13;Agtrevirus;Ackermannviridae;-;Caudoviricetes;Uroviricota;Heunggongvirae;Duplodnaviria	2.987855450935627	High-confidence
MT078988|_sliding:110001-111000	Agtrevirus MK13;Agtrevirus;Ackermannviridae;-;Caudoviricetes;Uroviricota;Heunggongvirae;Duplodnaviria	1.7629937119672587	High-confidence
MT078988|_sliding:127001-128000	Agtrevirus MK13;Agtrevirus;Ackermannviridae;-;Caudoviricetes;Uroviricota;Heunggongvirae;Duplodnaviria	2.8137779951728303	High-confidence
MT078988|_sliding:146001-147000	Agtrevirus MK13;Agtrevirus;Ackermannviridae;-;Caudoviricetes;Uroviricota;Heunggongvirae;Duplodnaviria	1.3211473151050914	High-confidence
MT774377|_sliding:55001-56000	Jahgtovirus gastrointestinalis;Jahgtovirus;Intestiviridae;Crassvirales;Caudoviricetes;Uroviricota;Heunggongvirae;Duplodnaviria	2.2959370050351313	High-confidence
MT774377|_sliding:61001-62000	Jahgtovirus gastrointestinalis;Jahgtovirus;Intestiviridae;Crassvirales;Caudoviricetes;Uroviricota;Heunggongvirae;Duplodnaviria	3.201335392906854	High-confidence
MT774377|_sliding:64001-65000	Jahgtovirus gastrointestinalis;Jahgtovirus;Intestiviridae;Crassvirales;Caudoviricetes;Uroviricota;Heunggongvirae;Duplodnaviria	2.5127279893979173	High-confidence
MT774377|_sliding:70001-71000	-;-;-;-;Caudoviricetes;Uroviricota;Heunggongvirae;Duplodnaviria	0.9076785398748424	High-confidence
MT774377|_sliding:71001-72000	-;-;-;-;Caudoviricetes;Uroviricota;Heunggongvirae;Duplodnaviria	1.0847043327073926	High-confidence
MT774377|_sliding:80001-81000	Jahgtovirus gastrointestinalis;Jahgtovirus;Intestiviridae;Crassvirales;Caudoviricetes;Uroviricota;Heunggongvirae;Duplodnaviria	1.2562393257425524	High-confidence
MT774377|_sliding:84001-85000	Jahgtovirus gastrointestinalis;Jahgtovirus;Intestiviridae;Crassvirales;Caudoviricetes;Uroviricota;Heunggongvirae;Duplodnaviria	1.4093108412243525	High-confidence
JN258408|_sliding:15001-16000	Megavirus baoshanense;Megavirus;Mimiviridae;Imitervirales;Megaviricetes;Nucleocytoviricota;Bamfordvirae;Varidnaviria	0.9159188113368548	High-confidence
JN258408|_sliding:61001-62000	-;-;Mimiviridae;Imitervirales;Megaviricetes;Nucleocytoviricota;Bamfordvirae;Varidnaviria	1.2770315909301952	High-confidence
JN258408|_sliding:91001-92000	-;-;Mimiviridae;Imitervirales;Megaviricetes;Nucleocytoviricota;Bamfordvirae;Varidnaviria	1.905864682093675	High-confidence
JN258408|_sliding:100001-101000	Megavirus baoshanense;Megavirus;Mimiviridae;Imitervirales;Megaviricetes;Nucleocytoviricota;Bamfordvirae;Varidnaviria	1.9176053333418857	High-confidence
JN258408|_sliding:145001-146000	-;-;Mimiviridae;Imitervirales;Megaviricetes;Nucleocytoviricota;Bamfordvirae;Varidnaviria	1.4283573070019102	High-confidence
JN258408|_sliding:147001-148000	Megavirus baoshanense;Megavirus;Mimiviridae;Imitervirales;Megaviricetes;Nucleocytoviricota;Bamfordvirae;Varidnaviria	2.3816570576358735	High-confidence
JN258408|_sliding:160001-161000	Megavirus baoshanense;Megavirus;Mimiviridae;Imitervirales;Megaviricetes;Nucleocytoviricota;Bamfordvirae;Varidnaviria	3.150055759964824	High-confidence
JN258408|_sliding:163001-164000	Megavirus baoshanense;Megavirus;Mimiviridae;Imitervirales;Megaviricetes;Nucleocytoviricota;Bamfordvirae;Varidnaviria	3.175304472896322	High-confidence
JN258408|_sliding:184001-185000	Megavirus baoshanense;Megavirus;Mimiviridae;Imitervirales;Megaviricetes;Nucleocytoviricota;Bamfordvirae;Varidnaviria	2.1752810552208137	High-confidence
JN258408|_sliding:211001-212000	Megavirus baoshanense;Megavirus;Mimiviridae;Imitervirales;Megaviricetes;Nucleocytoviricota;Bamfordvirae;Varidnaviria	3.1625849253357274	High-confidence
JN258408|_sliding:243001-244000	Megavirus baoshanense;Megavirus;Mimiviridae;Imitervirales;Megaviricetes;Nucleocytoviricota;Bamfordvirae;Varidnaviria	4.364229986286325	High-confidence
JN258408|_sliding:261001-262000	Megavirus baoshanense;Megavirus;Mimiviridae;Imitervirales;Megaviricetes;Nucleocytoviricota;Bamfordvirae;Varidnaviria	10.089418156132538	High-confidence
JN258408|_sliding:331001-332000	Megavirus baoshanense;Megavirus;Mimiviridae;Imitervirales;Megaviricetes;Nucleocytoviricota;Bamfordvirae;Varidnaviria	2.75646758018368	High-confidence
JN258408|_sliding:358001-359000	Megavirus baoshanense;Megavirus;Mimiviridae;Imitervirales;Megaviricetes;Nucleocytoviricota;Bamfordvirae;Varidnaviria	2.4916448496831127	High-confidence
JN258408|_sliding:396001-397000	Megavirus baoshanense;Megavirus;Mimiviridae;Imitervirales;Megaviricetes;Nucleocytoviricota;Bamfordvirae;Varidnaviria	1.461428535141333	High-confidence
JN258408|_sliding:466001-467000	Megavirus baoshanense;Megavirus;Mimiviridae;Imitervirales;Megaviricetes;Nucleocytoviricota;Bamfordvirae;Varidnaviria	0.9856860645441543	High-confidence
JN258408|_sliding:486001-487000	-;-;Mimiviridae;Imitervirales;Megaviricetes;Nucleocytoviricota;Bamfordvirae;Varidnaviria	2.083726334136253	High-confidence
JN258408|_sliding:628001-629000	Megavirus baoshanense;Megavirus;Mimiviridae;Imitervirales;Megaviricetes;Nucleocytoviricota;Bamfordvirae;Varidnaviria	3.2406689375893567	High-confidence
JN258408|_sliding:686001-687000	-;-;Mimiviridae;Imitervirales;Megaviricetes;Nucleocytoviricota;Bamfordvirae;Varidnaviria	1.8235804401669675	High-confidence
JN258408|_sliding:723001-724000	-;-;Mimiviridae;Imitervirales;Megaviricetes;Nucleocytoviricota;Bamfordvirae;Varidnaviria	2.264114135564484	High-confidence
JN258408|_sliding:728001-729000	Megavirus baoshanense;Megavirus;Mimiviridae;Imitervirales;Megaviricetes;Nucleocytoviricota;Bamfordvirae;Varidnaviria	0.9092956471533884	High-confidence
JN258408|_sliding:746001-747000	Megavirus baoshanense;Megavirus;Mimiviridae;Imitervirales;Megaviricetes;Nucleocytoviricota;Bamfordvirae;Varidnaviria	1.7235004913938998	High-confidence
JN258408|_sliding:800001-801000	Megavirus baoshanense;Megavirus;Mimiviridae;Imitervirales;Megaviricetes;Nucleocytoviricota;Bamfordvirae;Varidnaviria	2.470675011669077	High-confidence
JN258408|_sliding:809001-810000	Megavirus baoshanense;Megavirus;Mimiviridae;Imitervirales;Megaviricetes;Nucleocytoviricota;Bamfordvirae;Varidnaviria	4.762935265441634	High-confidence
JN258408|_sliding:816001-817000	Megavirus baoshanense;Megavirus;Mimiviridae;Imitervirales;Megaviricetes;Nucleocytoviricota;Bamfordvirae;Varidnaviria	6.013701674875382	High-confidence
JN258408|_sliding:834001-835000	Megavirus baoshanense;Megavirus;Mimiviridae;Imitervirales;Megaviricetes;Nucleocytoviricota;Bamfordvirae;Varidnaviria	4.619282281116007	High-confidence
JN258408|_sliding:837001-838000	Megavirus baoshanense;Megavirus;Mimiviridae;Imitervirales;Megaviricetes;Nucleocytoviricota;Bamfordvirae;Varidnaviria	1.2349601008225974	High-confidence
JN258408|_sliding:840001-841000	Megavirus baoshanense;Megavirus;Mimiviridae;Imitervirales;Megaviricetes;Nucleocytoviricota;Bamfordvirae;Varidnaviria	1.2311714785826573	High-confidence
JN258408|_sliding:885001-886000	Megavirus baoshanense;Megavirus;Mimiviridae;Imitervirales;Megaviricetes;Nucleocytoviricota;Bamfordvirae;Varidnaviria	1.5941837673269015	High-confidence
JN258408|_sliding:915001-916000	Megavirus baoshanense;Megavirus;Mimiviridae;Imitervirales;Megaviricetes;Nucleocytoviricota;Bamfordvirae;Varidnaviria	3.9803112406728545	High-confidence
JN258408|_sliding:917001-918000	Megavirus baoshanense;Megavirus;Mimiviridae;Imitervirales;Megaviricetes;Nucleocytoviricota;Bamfordvirae;Varidnaviria	5.870863540733089	High-confidence
JN258408|_sliding:937001-938000	Megavirus baoshanense;Megavirus;Mimiviridae;Imitervirales;Megaviricetes;Nucleocytoviricota;Bamfordvirae;Varidnaviria	1.4198326909881909	High-confidence
JN258408|_sliding:950001-951000	-;-;Mimiviridae;Imitervirales;Megaviricetes;Nucleocytoviricota;Bamfordvirae;Varidnaviria	1.0346436747982288	High-confidence
JN258408|_sliding:970001-971000	Megavirus baoshanense;Megavirus;Mimiviridae;Imitervirales;Megaviricetes;Nucleocytoviricota;Bamfordvirae;Varidnaviria	1.1272918077888372	High-confidence
JN258408|_sliding:980001-981000	-;-;Mimiviridae;Imitervirales;Megaviricetes;Nucleocytoviricota;Bamfordvirae;Varidnaviria	1.027927661397576	High-confidence
JN258408|_sliding:1005001-1006000	Megavirus baoshanense;Megavirus;Mimiviridae;Imitervirales;Megaviricetes;Nucleocytoviricota;Bamfordvirae;Varidnaviria	3.26993494750414	High-confidence
JN258408|_sliding:1032001-1033000	Megavirus baoshanense;Megavirus;Mimiviridae;Imitervirales;Megaviricetes;Nucleocytoviricota;Bamfordvirae;Varidnaviria	3.1344636762630502	High-confidence
JN258408|_sliding:1038001-1039000	-;-;Mimiviridae;Imitervirales;Megaviricetes;Nucleocytoviricota;Bamfordvirae;Varidnaviria	1.034725962143395	High-confidence
JN258408|_sliding:1045001-1046000	Megavirus baoshanense;Megavirus;Mimiviridae;Imitervirales;Megaviricetes;Nucleocytoviricota;Bamfordvirae;Varidnaviria	2.0100107789771644	High-confidence
JN258408|_sliding:1046001-1047000	Megavirus baoshanense;Megavirus;Mimiviridae;Imitervirales;Megaviricetes;Nucleocytoviricota;Bamfordvirae;Varidnaviria	1.7306912450687522	High-confidence
JN258408|_sliding:1053001-1054000	Cotonvirus japonicum;Cotonvirus;Mimiviridae;Imitervirales;Megaviricetes;Nucleocytoviricota;Bamfordvirae;Varidnaviria	3.1065874349586826	High-confidence
JN258408|_sliding:1063001-1064000	-;-;-;-;Megaviricetes;Nucleocytoviricota;Bamfordvirae;Varidnaviria	0.9942816564774971	High-confidence
JN258408|_sliding:1100001-1101000	Megavirus baoshanense;Megavirus;Mimiviridae;Imitervirales;Megaviricetes;Nucleocytoviricota;Bamfordvirae;Varidnaviria	3.9863208769943026	High-confidence
JN258408|_sliding:1103001-1104000	-;-;Mimiviridae;Imitervirales;Megaviricetes;Nucleocytoviricota;Bamfordvirae;Varidnaviria	1.1187647186461724	High-confidence
JN258408|_sliding:1143001-1144000	-;-;-;-;Megaviricetes;Nucleocytoviricota;Bamfordvirae;Varidnaviria	1.097899211127259	High-confidence
JN258408|_sliding:1179001-1180000	Megavirus baoshanense;Megavirus;Mimiviridae;Imitervirales;Megaviricetes;Nucleocytoviricota;Bamfordvirae;Varidnaviria	1.3666833800516986	High-confidence
JN258408|_sliding:1186001-1187000	-;-;Mimiviridae;Imitervirales;Megaviricetes;Nucleocytoviricota;Bamfordvirae;Varidnaviria	1.9640523080619812	High-confidence
JN258408|_sliding:1218001-1219000	-;-;Mimiviridae;Imitervirales;Megaviricetes;Nucleocytoviricota;Bamfordvirae;Varidnaviria	1.0769424952372015	High-confidence
J02448|_sliding:2001-3000	Inovirus M13;Inovirus;Inoviridae;Tubulavirales;Faserviricetes;Hofneiviricota;Loebvirae;Monodnaviria	1.6407780554750728	High-confidence
J02448|_sliding:5001-6000	Inovirus M13;Inovirus;Inoviridae;Tubulavirales;Faserviricetes;Hofneiviricota;Loebvirae;Monodnaviria	1.7628824689057758	High-confidence
MN966732|_sliding:16001-17000	Thalassavirus AG74;Thalassavirus;Demerecviridae;-;Caudoviricetes;Uroviricota;Heunggongvirae;Duplodnaviria	1.858684633450865	High-confidence
MN966732|_sliding:27001-28000	Thalassavirus AG74;Thalassavirus;Demerecviridae;-;Caudoviricetes;Uroviricota;Heunggongvirae;Duplodnaviria	4.11702441694868	High-confidence
BK013891|_sliding:3001-4000	-;Weheuvirus;Steitzviridae;Timlovirales;Leviviricetes;Lenarviricota;Orthornavirae;Riboviria	1.0876056882760494	High-confidence
KC292020|_sliding:24001-25000	Haloferacalesvirus HRTV5;Haloferacalesvirus;Hafunaviridae;Thumleimavirales;Caudoviricetes;Uroviricota;Heunggongvirae;Duplodnaviria	3.830186504305897	High-confidence
KC292020|_sliding:44001-45000	Haloferacalesvirus HJTV2;Haloferacalesvirus;Hafunaviridae;Thumleimavirales;Caudoviricetes;Uroviricota;Heunggongvirae;Duplodnaviria	4.247105691065797	High-confidence
AB043679|_sliding:1-1000	-;Versovirus;Inoviridae;Tubulavirales;Faserviricetes;Hofneiviricota;Loebvirae;Monodnaviria	1.1439888619185505	High-confidence
EU304328|_sliding:64001-65000	-;-;Phycodnaviridae;Algavirales;Megaviricetes;Nucleocytoviricota;Bamfordvirae;Varidnaviria	1.1029247341547364	High-confidence
EU304328|_sliding:154001-155000	Micromonas pusilla virus SP1;Prasinovirus;Phycodnaviridae;Algavirales;Megaviricetes;Nucleocytoviricota;Bamfordvirae;Varidnaviria	1.1347232480490979	High-confidence
EU304328|_sliding:160001-161000	-;-;Phycodnaviridae;Algavirales;Megaviricetes;Nucleocytoviricota;Bamfordvirae;Varidnaviria	1.2916588615641553	High-confidence
EU304328|_sliding:171001-172000	-;Chlorovirus;Phycodnaviridae;Algavirales;Megaviricetes;Nucleocytoviricota;Bamfordvirae;Varidnaviria	2.204504921284224	High-confidence
MG748547|_sliding:20001-21000	Kuttervirus dinky;Kuttervirus;Ackermannviridae;-;Caudoviricetes;Uroviricota;Heunggongvirae;Duplodnaviria	1.3032071302194765	High-confidence
MG748547|_sliding:27001-28000	Kuttervirus ECML4;Kuttervirus;Ackermannviridae;-;Caudoviricetes;Uroviricota;Heunggongvirae;Duplodnaviria	1.5523963199465358	High-confidence
MG748547|_sliding:44001-45000	Kuttervirus dinky;Kuttervirus;Ackermannviridae;-;Caudoviricetes;Uroviricota;Heunggongvirae;Duplodnaviria	1.414391952060029	High-confidence
MG748547|_sliding:110001-111000	Kuttervirus dinky;Kuttervirus;Ackermannviridae;-;Caudoviricetes;Uroviricota;Heunggongvirae;Duplodnaviria	1.880689050679847	High-confidence
MG748547|_sliding:112001-113000	Kuttervirus ECML4;Kuttervirus;Ackermannviridae;-;Caudoviricetes;Uroviricota;Heunggongvirae;Duplodnaviria	1.7077741586153437	High-confidence
MG748547|_sliding:128001-129000	Kuttervirus Det7;Kuttervirus;Ackermannviridae;-;Caudoviricetes;Uroviricota;Heunggongvirae;Duplodnaviria	2.6851250809142386	High-confidence
MG748547|_sliding:153001-154000	Kuttervirus ECML4;Kuttervirus;Ackermannviridae;-;Caudoviricetes;Uroviricota;Heunggongvirae;Duplodnaviria	1.2263933817137218	High-confidence
KY853667|_sliding:1-5000	Xylivirus Xf109;Xylivirus;Inoviridae;Tubulavirales;Faserviricetes;Hofneiviricota;Loebvirae;Monodnaviria	1.2307748656540978	High-confidence
OP880253|_sliding:45001-50000	Kukulkanvirus guaymasense;Kukulkanvirus;Ekchuahviridae;Nakonvirales;Caudoviricetes;Uroviricota;Heunggongvirae;Duplodnaviria	1.6273743896113846	High-confidence
OP880253|_sliding:50001-55000	Kukulkanvirus guaymasense;Kukulkanvirus;Ekchuahviridae;Nakonvirales;Caudoviricetes;Uroviricota;Heunggongvirae;Duplodnaviria	1.093557232236686	High-confidence
M16020|_sliding:1-5000	Cardiovirus B;Cardiovirus;Picornaviridae;Picornavirales;Pisoniviricetes;Pisuviricota;Orthornavirae;Riboviria	2.702042501039501	High-confidence
MT078988|_sliding:5001-10000	-;-;Ackermannviridae;-;Caudoviricetes;Uroviricota;Heunggongvirae;Duplodnaviria	0.9076804481869271	High-confidence
MT078988|_sliding:70001-75000	-;Agtrevirus;Ackermannviridae;-;Caudoviricetes;Uroviricota;Heunggongvirae;Duplodnaviria	1.5714491377404616	High-confidence
MT078988|_sliding:85001-90000	Agtrevirus MK13;Agtrevirus;Ackermannviridae;-;Caudoviricetes;Uroviricota;Heunggongvirae;Duplodnaviria	1.4956409756712412	High-confidence
MT774377|_sliding:15001-20000	Jahgtovirus gastrointestinalis;Jahgtovirus;Intestiviridae;Crassvirales;Caudoviricetes;Uroviricota;Heunggongvirae;Duplodnaviria	1.865876942268388	High-confidence
JN258408|_sliding:65001-70000	Cotonvirus japonicum;Cotonvirus;Mimiviridae;Imitervirales;Megaviricetes;Nucleocytoviricota;Bamfordvirae;Varidnaviria	2.9973999695149267	High-confidence
JN258408|_sliding:80001-85000	Cotonvirus japonicum;Cotonvirus;Mimiviridae;Imitervirales;Megaviricetes;Nucleocytoviricota;Bamfordvirae;Varidnaviria	1.930655643385728	High-confidence
JN258408|_sliding:130001-135000	-;-;Mimiviridae;Imitervirales;Megaviricetes;Nucleocytoviricota;Bamfordvirae;Varidnaviria	1.2777164063441904	High-confidence
JN258408|_sliding:185001-190000	-;-;Mimiviridae;Imitervirales;Megaviricetes;Nucleocytoviricota;Bamfordvirae;Varidnaviria	2.0637855153315203	High-confidence
JN258408|_sliding:210001-215000	Megavirus baoshanense;Megavirus;Mimiviridae;Imitervirales;Megaviricetes;Nucleocytoviricota;Bamfordvirae;Varidnaviria	2.5214660952238273	High-confidence
JN258408|_sliding:235001-240000	Megavirus baoshanense;Megavirus;Mimiviridae;Imitervirales;Megaviricetes;Nucleocytoviricota;Bamfordvirae;Varidnaviria	8.62684888776688	High-confidence
JN258408|_sliding:290001-295000	Megavirus baoshanense;Megavirus;Mimiviridae;Imitervirales;Megaviricetes;Nucleocytoviricota;Bamfordvirae;Varidnaviria	2.388005201631327	High-confidence
JN258408|_sliding:300001-305000	Megavirus baoshanense;Megavirus;Mimiviridae;Imitervirales;Megaviricetes;Nucleocytoviricota;Bamfordvirae;Varidnaviria	5.867041981798146	High-confidence
JN258408|_sliding:470001-475000	Megavirus baoshanense;Megavirus;Mimiviridae;Imitervirales;Megaviricetes;Nucleocytoviricota;Bamfordvirae;Varidnaviria	4.124115478885814	High-confidence
JN258408|_sliding:480001-485000	Megavirus baoshanense;Megavirus;Mimiviridae;Imitervirales;Megaviricetes;Nucleocytoviricota;Bamfordvirae;Varidnaviria	9.141897051878123	High-confidence
JN258408|_sliding:560001-565000	Megavirus baoshanense;Megavirus;Mimiviridae;Imitervirales;Megaviricetes;Nucleocytoviricota;Bamfordvirae;Varidnaviria	5.423448446844034	High-confidence
JN258408|_sliding:570001-575000	Megavirus baoshanense;Megavirus;Mimiviridae;Imitervirales;Megaviricetes;Nucleocytoviricota;Bamfordvirae;Varidnaviria	5.040271368916474	High-confidence
JN258408|_sliding:675001-680000	Megavirus baoshanense;Megavirus;Mimiviridae;Imitervirales;Megaviricetes;Nucleocytoviricota;Bamfordvirae;Varidnaviria	5.097819138125215	High-confidence
JN258408|_sliding:715001-720000	Megavirus baoshanense;Megavirus;Mimiviridae;Imitervirales;Megaviricetes;Nucleocytoviricota;Bamfordvirae;Varidnaviria	4.600471995655543	High-confidence
JN258408|_sliding:720001-725000	Megavirus baoshanense;Megavirus;Mimiviridae;Imitervirales;Megaviricetes;Nucleocytoviricota;Bamfordvirae;Varidnaviria	3.6385734764947335	High-confidence
JN258408|_sliding:745001-750000	Megavirus baoshanense;Megavirus;Mimiviridae;Imitervirales;Megaviricetes;Nucleocytoviricota;Bamfordvirae;Varidnaviria	7.81798457859275	High-confidence
JN258408|_sliding:815001-820000	Megavirus baoshanense;Megavirus;Mimiviridae;Imitervirales;Megaviricetes;Nucleocytoviricota;Bamfordvirae;Varidnaviria	4.248388818734302	High-confidence
JN258408|_sliding:825001-830000	Megavirus baoshanense;Megavirus;Mimiviridae;Imitervirales;Megaviricetes;Nucleocytoviricota;Bamfordvirae;Varidnaviria	5.080233095297927	High-confidence
JN258408|_sliding:845001-850000	Megavirus baoshanense;Megavirus;Mimiviridae;Imitervirales;Megaviricetes;Nucleocytoviricota;Bamfordvirae;Varidnaviria	3.654480219848953	High-confidence
JN258408|_sliding:860001-865000	Megavirus baoshanense;Megavirus;Mimiviridae;Imitervirales;Megaviricetes;Nucleocytoviricota;Bamfordvirae;Varidnaviria	5.3951323581071495	High-confidence
JN258408|_sliding:880001-885000	Megavirus baoshanense;Megavirus;Mimiviridae;Imitervirales;Megaviricetes;Nucleocytoviricota;Bamfordvirae;Varidnaviria	2.6102622985945696	High-confidence
JN258408|_sliding:885001-890000	Megavirus baoshanense;Megavirus;Mimiviridae;Imitervirales;Megaviricetes;Nucleocytoviricota;Bamfordvirae;Varidnaviria	1.4804804863883954	High-confidence
JN258408|_sliding:895001-900000	Megavirus baoshanense;Megavirus;Mimiviridae;Imitervirales;Megaviricetes;Nucleocytoviricota;Bamfordvirae;Varidnaviria	1.736235778255143	High-confidence
JN258408|_sliding:910001-915000	Megavirus baoshanense;Megavirus;Mimiviridae;Imitervirales;Megaviricetes;Nucleocytoviricota;Bamfordvirae;Varidnaviria	1.5306798725249022	High-confidence
JN258408|_sliding:960001-965000	-;-;-;-;Megaviricetes;Nucleocytoviricota;Bamfordvirae;Varidnaviria	1.0793296592256578	High-confidence
JN258408|_sliding:1030001-1035000	Cotonvirus japonicum;Cotonvirus;Mimiviridae;Imitervirales;Megaviricetes;Nucleocytoviricota;Bamfordvirae;Varidnaviria	2.1293510463932948	High-confidence
JN258408|_sliding:1070001-1075000	Cotonvirus japonicum;Cotonvirus;Mimiviridae;Imitervirales;Megaviricetes;Nucleocytoviricota;Bamfordvirae;Varidnaviria	1.7539524101270154	High-confidence
JN258408|_sliding:1100001-1105000	Megavirus baoshanense;Megavirus;Mimiviridae;Imitervirales;Megaviricetes;Nucleocytoviricota;Bamfordvirae;Varidnaviria	1.6713497879493469	High-confidence
J02448|_sliding:1-5000	Inovirus M13;Inovirus;Inoviridae;Tubulavirales;Faserviricetes;Hofneiviricota;Loebvirae;Monodnaviria	2.3552418036485436	High-confidence
MN966732|_sliding:95001-100000	Thalassavirus AG74;Thalassavirus;Demerecviridae;-;Caudoviricetes;Uroviricota;Heunggongvirae;Duplodnaviria	1.2685080050111743	High-confidence
MN966732|_sliding:110001-115000	-;Thalassavirus;Demerecviridae;-;Caudoviricetes;Uroviricota;Heunggongvirae;Duplodnaviria	1.0645162516351818	High-confidence
KC292020|_sliding:40001-45000	Haloferacalesvirus HF1;Haloferacalesvirus;Hafunaviridae;Thumleimavirales;Caudoviricetes;Uroviricota;Heunggongvirae;Duplodnaviria	1.632729113856834	High-confidence
KC292020|_sliding:50001-55000	Haloferacalesvirus HJTV2;Haloferacalesvirus;Hafunaviridae;Thumleimavirales;Caudoviricetes;Uroviricota;Heunggongvirae;Duplodnaviria	1.831972214467798	High-confidence
EU304328|_sliding:50001-55000	-;-;Phycodnaviridae;Algavirales;Megaviricetes;Nucleocytoviricota;Bamfordvirae;Varidnaviria	2.378971812504377	High-confidence
EU304328|_sliding:70001-75000	-;-;Phycodnaviridae;Algavirales;Megaviricetes;Nucleocytoviricota;Bamfordvirae;Varidnaviria	2.0715071362272792	High-confidence
EU304328|_sliding:100001-105000	Micromonas pusilla virus SP1;Prasinovirus;Phycodnaviridae;Algavirales;Megaviricetes;Nucleocytoviricota;Bamfordvirae;Varidnaviria	1.5128317076014204	High-confidence
EU916176|_sliding:1-10000	-;-;-;-;Megaviricetes;Nucleocytoviricota;Bamfordvirae;Varidnaviria	1.2039639569386167	High-confidence
EU916176|_sliding:50001-60000	-;-;Phycodnaviridae;Algavirales;Megaviricetes;Nucleocytoviricota;Bamfordvirae;Varidnaviria	1.5001140983631267	High-confidence
EU916176|_sliding:100001-110000	-;-;Phycodnaviridae;Algavirales;Megaviricetes;Nucleocytoviricota;Bamfordvirae;Varidnaviria	1.4324497593177121	High-confidence
MT078988|_sliding:30001-40000	Agtrevirus MK13;Agtrevirus;Ackermannviridae;-;Caudoviricetes;Uroviricota;Heunggongvirae;Duplodnaviria	1.5924962311645938	High-confidence
FR667955|_sliding:10001-20000	Teseptimavirus T7;Teseptimavirus;Autographiviridae;-;Caudoviricetes;Uroviricota;Heunggongvirae;Duplodnaviria	1.4044419011730827	High-confidence
FR667955|_sliding:20001-30000	Teseptimavirus NCA;Teseptimavirus;Autographiviridae;-;Caudoviricetes;Uroviricota;Heunggongvirae;Duplodnaviria	4.042995651515858	High-confidence
MT774377|_sliding:1-10000	Jahgtovirus gastrointestinalis;Jahgtovirus;Intestiviridae;Crassvirales;Caudoviricetes;Uroviricota;Heunggongvirae;Duplodnaviria	1.2224003900036786	High-confidence
MT774377|_sliding:10001-20000	Jahgtovirus gastrointestinalis;Jahgtovirus;Intestiviridae;Crassvirales;Caudoviricetes;Uroviricota;Heunggongvirae;Duplodnaviria	2.882129090398521	High-confidence
MT774377|_sliding:40001-50000	Jahgtovirus gastrointestinalis;Jahgtovirus;Intestiviridae;Crassvirales;Caudoviricetes;Uroviricota;Heunggongvirae;Duplodnaviria	5.8489387534382775	High-confidence
MT774377|_sliding:80001-90000	Jahgtovirus gastrointestinalis;Jahgtovirus;Intestiviridae;Crassvirales;Caudoviricetes;Uroviricota;Heunggongvirae;Duplodnaviria	1.9450769878015957	High-confidence
JN258408|_sliding:10001-20000	-;-;Mimiviridae;Imitervirales;Megaviricetes;Nucleocytoviricota;Bamfordvirae;Varidnaviria	1.237471119814956	High-confidence
JN258408|_sliding:90001-100000	-;-;Mimiviridae;Imitervirales;Megaviricetes;Nucleocytoviricota;Bamfordvirae;Varidnaviria	1.0470141638521122	High-confidence
JN258408|_sliding:140001-150000	-;-;Mimiviridae;Imitervirales;Megaviricetes;Nucleocytoviricota;Bamfordvirae;Varidnaviria	1.2119844091951297	High-confidence
JN258408|_sliding:170001-180000	Megavirus baoshanense;Megavirus;Mimiviridae;Imitervirales;Megaviricetes;Nucleocytoviricota;Bamfordvirae;Varidnaviria	1.4499489331831112	High-confidence
JN258408|_sliding:190001-200000	Megavirus baoshanense;Megavirus;Mimiviridae;Imitervirales;Megaviricetes;Nucleocytoviricota;Bamfordvirae;Varidnaviria	2.304520581998105	High-confidence
JN258408|_sliding:250001-260000	Megavirus baoshanense;Megavirus;Mimiviridae;Imitervirales;Megaviricetes;Nucleocytoviricota;Bamfordvirae;Varidnaviria	2.824191683619549	High-confidence
JN258408|_sliding:330001-340000	Megavirus baoshanense;Megavirus;Mimiviridae;Imitervirales;Megaviricetes;Nucleocytoviricota;Bamfordvirae;Varidnaviria	1.8255139051559088	High-confidence
JN258408|_sliding:380001-390000	Megavirus baoshanense;Megavirus;Mimiviridae;Imitervirales;Megaviricetes;Nucleocytoviricota;Bamfordvirae;Varidnaviria	3.868691639560825	High-confidence
JN258408|_sliding:410001-420000	Megavirus baoshanense;Megavirus;Mimiviridae;Imitervirales;Megaviricetes;Nucleocytoviricota;Bamfordvirae;Varidnaviria	5.853659241408444	High-confidence
JN258408|_sliding:440001-450000	Megavirus baoshanense;Megavirus;Mimiviridae;Imitervirales;Megaviricetes;Nucleocytoviricota;Bamfordvirae;Varidnaviria	10.426077056129216	High-confidence
JN258408|_sliding:530001-540000	Megavirus baoshanense;Megavirus;Mimiviridae;Imitervirales;Megaviricetes;Nucleocytoviricota;Bamfordvirae;Varidnaviria	5.440816799024369	High-confidence
JN258408|_sliding:570001-580000	Megavirus baoshanense;Megavirus;Mimiviridae;Imitervirales;Megaviricetes;Nucleocytoviricota;Bamfordvirae;Varidnaviria	6.538441285909629	High-confidence
JN258408|_sliding:610001-620000	Megavirus baoshanense;Megavirus;Mimiviridae;Imitervirales;Megaviricetes;Nucleocytoviricota;Bamfordvirae;Varidnaviria	6.939273627219124	High-confidence
JN258408|_sliding:620001-630000	Megavirus baoshanense;Megavirus;Mimiviridae;Imitervirales;Megaviricetes;Nucleocytoviricota;Bamfordvirae;Varidnaviria	5.708857888743192	High-confidence
JN258408|_sliding:640001-650000	Megavirus baoshanense;Megavirus;Mimiviridae;Imitervirales;Megaviricetes;Nucleocytoviricota;Bamfordvirae;Varidnaviria	6.762573819985926	High-confidence
JN258408|_sliding:690001-700000	Megavirus baoshanense;Megavirus;Mimiviridae;Imitervirales;Megaviricetes;Nucleocytoviricota;Bamfordvirae;Varidnaviria	4.8491174987289885	High-confidence
JN258408|_sliding:720001-730000	Megavirus baoshanense;Megavirus;Mimiviridae;Imitervirales;Megaviricetes;Nucleocytoviricota;Bamfordvirae;Varidnaviria	1.7835387226917516	High-confidence
JN258408|_sliding:740001-750000	Megavirus baoshanense;Megavirus;Mimiviridae;Imitervirales;Megaviricetes;Nucleocytoviricota;Bamfordvirae;Varidnaviria	3.1496462935020846	High-confidence
JN258408|_sliding:820001-830000	Megavirus baoshanense;Megavirus;Mimiviridae;Imitervirales;Megaviricetes;Nucleocytoviricota;Bamfordvirae;Varidnaviria	5.676343488005453	High-confidence
JN258408|_sliding:910001-920000	Megavirus baoshanense;Megavirus;Mimiviridae;Imitervirales;Megaviricetes;Nucleocytoviricota;Bamfordvirae;Varidnaviria	1.7980559173674229	High-confidence
JN258408|_sliding:930001-940000	Megavirus baoshanense;Megavirus;Mimiviridae;Imitervirales;Megaviricetes;Nucleocytoviricota;Bamfordvirae;Varidnaviria	2.624524979791302	High-confidence
JN258408|_sliding:980001-990000	-;-;Mimiviridae;Imitervirales;Megaviricetes;Nucleocytoviricota;Bamfordvirae;Varidnaviria	1.317809390855298	High-confidence
JN258408|_sliding:1030001-1040000	-;-;Mimiviridae;Imitervirales;Megaviricetes;Nucleocytoviricota;Bamfordvirae;Varidnaviria	1.78705367402371	High-confidence
JN258408|_sliding:1070001-1080000	Cotonvirus japonicum;Cotonvirus;Mimiviridae;Imitervirales;Megaviricetes;Nucleocytoviricota;Bamfordvirae;Varidnaviria	1.8941175906579604	High-confidence
JN258408|_sliding:1140001-1150000	Megavirus baoshanense;Megavirus;Mimiviridae;Imitervirales;Megaviricetes;Nucleocytoviricota;Bamfordvirae;Varidnaviria	1.7889885711815419	High-confidence
JN258408|_sliding:1160001-1170000	-;-;Mimiviridae;Imitervirales;Megaviricetes;Nucleocytoviricota;Bamfordvirae;Varidnaviria	1.580176524666298	High-confidence
JN258408|_sliding:1170001-1180000	Megavirus baoshanense;Megavirus;Mimiviridae;Imitervirales;Megaviricetes;Nucleocytoviricota;Bamfordvirae;Varidnaviria	1.1226166245676437	High-confidence
JN258408|_sliding:1190001-1200000	-;-;Mimiviridae;Imitervirales;Megaviricetes;Nucleocytoviricota;Bamfordvirae;Varidnaviria	1.6753592366197934	High-confidence
MN966732|_sliding:90001-100000	Thalassavirus bennett;Thalassavirus;Demerecviridae;-;Caudoviricetes;Uroviricota;Heunggongvirae;Duplodnaviria	1.7482597713729997	High-confidence
KC292020|_sliding:10001-20000	Haloferacalesvirus HJTV2;Haloferacalesvirus;Hafunaviridae;Thumleimavirales;Caudoviricetes;Uroviricota;Heunggongvirae;Duplodnaviria	2.717759276115125	High-confidence
KC292020|_sliding:50001-60000	Haloferacalesvirus HJTV2;Haloferacalesvirus;Hafunaviridae;Thumleimavirales;Caudoviricetes;Uroviricota;Heunggongvirae;Duplodnaviria	1.489805462684381	High-confidence
EU304328|_sliding:1-10000	-;-;Phycodnaviridae;Algavirales;Megaviricetes;Nucleocytoviricota;Bamfordvirae;Varidnaviria	0.9821592084258777	High-confidence
EU304328|_sliding:60001-70000	-;-;Phycodnaviridae;Algavirales;Megaviricetes;Nucleocytoviricota;Bamfordvirae;Varidnaviria	1.9225475173343638	High-confidence
EU304328|_sliding:80001-90000	-;-;Phycodnaviridae;Algavirales;Megaviricetes;Nucleocytoviricota;Bamfordvirae;Varidnaviria	1.7189935046062486	High-confidence
EU304328|_sliding:170001-180000	Micromonas pusilla virus SP1;Prasinovirus;Phycodnaviridae;Algavirales;Megaviricetes;Nucleocytoviricota;Bamfordvirae;Varidnaviria	2.7817024680311384	High-confidence
MG748547|_sliding:60001-70000	Kuttervirus dinky;Kuttervirus;Ackermannviridae;-;Caudoviricetes;Uroviricota;Heunggongvirae;Duplodnaviria	1.7406386225579566	High-confidence
MG748547|_sliding:80001-90000	Kuttervirus dinky;Kuttervirus;Ackermannviridae;-;Caudoviricetes;Uroviricota;Heunggongvirae;Duplodnaviria	1.4694861556385503	High-confidence
MG748547|_sliding:110001-120000	-;Kuttervirus;Ackermannviridae;-;Caudoviricetes;Uroviricota;Heunggongvirae;Duplodnaviria	1.532017238511402	High-confidence
MG748547|_sliding:140001-150000	Kuttervirus ECML4;Kuttervirus;Ackermannviridae;-;Caudoviricetes;Uroviricota;Heunggongvirae;Duplodnaviria	2.114197784891335	High-confidence
EU376394.1	Cardiovirus D;Cardiovirus;Picornaviridae;Picornavirales;Pisoniviricetes;Pisuviricota;Orthornavirae;Riboviria	5.192194793785994	High-confidence
DQ079877.1	Gequatrovirus ID52;Gequatrovirus;Microviridae;Petitvirales;Malgrandaviricetes;Phixviricota;Sangervirae;Monodnaviria	1.562537561982377	High-confidence
MT074475.1	Kuttervirus ECML4;Kuttervirus;Ackermannviridae;-;Caudoviricetes;Uroviricota;Heunggongvirae;Duplodnaviria	1.9250596867045857	High-confidence
MT460514.1	Thalassavirus AG74;Thalassavirus;Demerecviridae;-;Caudoviricetes;Uroviricota;Heunggongvirae;Duplodnaviria	1.955251184357671	High-confidence
DQ079871.1	Alphatrevirus ID32;Alphatrevirus;Microviridae;Petitvirales;Malgrandaviricetes;Phixviricota;Sangervirae;Monodnaviria	1.6036184730200242	High-confidence
OP880253	-;-;-;-;Caudoviricetes;Uroviricota;Heunggongvirae;Duplodnaviria	0.8071203769961091	Medium-confidence
BK013469	-;-;Atkinsviridae;Norzivirales;Leviviricetes;Lenarviricota;Orthornavirae;Riboviria	0.6076197612951968	Medium-confidence
BK014192	-;-;Atkinsviridae;Norzivirales;Leviviricetes;Lenarviricota;Orthornavirae;Riboviria	0.5589742143131209	Medium-confidence
BK013407	-;-;Steitzviridae;Timlovirales;Leviviricetes;Lenarviricota;Orthornavirae;Riboviria	0.7894059996000232	Medium-confidence
BK013780	-;-;Atkinsviridae;Norzivirales;Leviviricetes;Lenarviricota;Orthornavirae;Riboviria	0.6158252397220519	Medium-confidence
BK013889	-;-;Steitzviridae;Timlovirales;Leviviricetes;Lenarviricota;Orthornavirae;Riboviria	0.7948850702967096	Medium-confidence
EU916176|_sliding:36001-37000	-;-;Phycodnaviridae;Algavirales;Megaviricetes;Nucleocytoviricota;Bamfordvirae;Varidnaviria	0.352778046892198	Medium-confidence
BK013469|_sliding:1001-2000	-;-;Atkinsviridae;Norzivirales;Leviviricetes;Lenarviricota;Orthornavirae;Riboviria	0.3718957388896309	Medium-confidence
MT078988|_sliding:7001-8000	-;-;Ackermannviridae;-;Caudoviricetes;Uroviricota;Heunggongvirae;Duplodnaviria	0.8406920729361751	Medium-confidence
MT078988|_sliding:52001-53000	-;-;Ackermannviridae;-;Caudoviricetes;Uroviricota;Heunggongvirae;Duplodnaviria	0.7943640869471118	Medium-confidence
MT078988|_sliding:87001-88000	-;-;Ackermannviridae;-;Caudoviricetes;Uroviricota;Heunggongvirae;Duplodnaviria	0.8586373417063857	Medium-confidence
MT078988|_sliding:150001-151000	-;-;Ackermannviridae;-;Caudoviricetes;Uroviricota;Heunggongvirae;Duplodnaviria	0.8994518859215614	Medium-confidence
MT774377|_sliding:75001-76000	-;-;-;-;Caudoviricetes;Uroviricota;Heunggongvirae;Duplodnaviria	0.36867357616590957	Medium-confidence
JN258408|_sliding:31001-32000	-;-;-;-;Megaviricetes;Nucleocytoviricota;Bamfordvirae;Varidnaviria	0.5187108105875691	Medium-confidence
JN258408|_sliding:135001-136000	-;-;-;-;Megaviricetes;Nucleocytoviricota;Bamfordvirae;Varidnaviria	0.863200329481213	Medium-confidence
MN966732|_sliding:57001-58000	-;-;Demerecviridae;-;Caudoviricetes;Uroviricota;Heunggongvirae;Duplodnaviria	0.7748693749890673	Medium-confidence
KC292020|_sliding:38001-39000	-;-;Hafunaviridae;Thumleimavirales;Caudoviricetes;Uroviricota;Heunggongvirae;Duplodnaviria	0.07223878813129446	Low-confidence
EU304328|_sliding:182001-183000	-;-;Phycodnaviridae;Algavirales;Megaviricetes;Nucleocytoviricota;Bamfordvirae;Varidnaviria	0.25034961080878293	Medium-confidence
MG748547|_sliding:148001-149000	-;-;Ackermannviridae;-;Caudoviricetes;Uroviricota;Heunggongvirae;Duplodnaviria	0.7094595924975124	Medium-confidence
EU916176|_sliding:40001-45000	-;-;Phycodnaviridae;Algavirales;Megaviricetes;Nucleocytoviricota;Bamfordvirae;Varidnaviria	0.4510374781690844	Medium-confidence
JN258408|_sliding:1245001-1250000	-;-;-;-;Megaviricetes;Nucleocytoviricota;Bamfordvirae;Varidnaviria	0.4382933874034701	Medium-confidence
MN966732|_sliding:120001-125000	-;-;Demerecviridae;-;Caudoviricetes;Uroviricota;Heunggongvirae;Duplodnaviria	0.8169931410549818	Medium-confidence
EU304328|_sliding:1-5000	-;-;Phycodnaviridae;Algavirales;Megaviricetes;Nucleocytoviricota;Bamfordvirae;Varidnaviria	0.502621886781711	Medium-confidence
OP880253|_sliding:1-10000	-;-;-;-;Caudoviricetes;Uroviricota;Heunggongvirae;Duplodnaviria	0.8029363418668108	Medium-confidence
MN966732|_sliding:110001-120000	-;-;Demerecviridae;-;Caudoviricetes;Uroviricota;Heunggongvirae;Duplodnaviria	0.8436098265511578	Medium-confidence
EU304328|_sliding:90001-100000	-;-;-;-;Megaviricetes;Nucleocytoviricota;Bamfordvirae;Varidnaviria	0.7655410169676461	Medium-confidence
KU168861|_sliding:5001-6000	-;-;-;Picornavirales;Pisoniviricetes;Pisuviricota;Orthornavirae;Riboviria	1.0	UniRef90-based
AY338217	-;-;-;Algavirales;Megaviricetes;Nucleocytoviricota;Bamfordvirae;Varidnaviria	1.0	UniRef90-based
JN258408|_sliding:19001-20000	-;-;-;Imitervirales;Megaviricetes;Nucleocytoviricota;Bamfordvirae;Varidnaviria	1.0	UniRef90-based
EU916176|_sliding:128001-129000	-;-;-;Algavirales;Megaviricetes;Nucleocytoviricota;Bamfordvirae;Varidnaviria	1.0	UniRef90-based
KU168861|_sliding:4001-5000	-;-;-;Picornavirales;Pisoniviricetes;Pisuviricota;Orthornavirae;Riboviria	1.0	UniRef90-based
EU916176|_sliding:120001-125000	-;-;-;Algavirales;Megaviricetes;Nucleocytoviricota;Bamfordvirae;Varidnaviria	1.0	UniRef90-based
EU916176|_sliding:138001-139000	-;-;-;Algavirales;Megaviricetes;Nucleocytoviricota;Bamfordvirae;Varidnaviria	1.0	UniRef90-based
MF172923|_sliding:2001-3000	-;-;-;Picornavirales;Pisoniviricetes;Pisuviricota;Orthornavirae;Riboviria	1.0	UniRef90-based
EU304328|_sliding:25001-26000	-;-;-;Algavirales;Megaviricetes;Nucleocytoviricota;Bamfordvirae;Varidnaviria	1.0	UniRef90-based
KU159360|_sliding:2001-3000	-;-;-;Picornavirales;Pisoniviricetes;Pisuviricota;Orthornavirae;Riboviria	1.0	UniRef90-based
JN936206	-;-;-;Picornavirales;Pisoniviricetes;Pisuviricota;Orthornavirae;Riboviria	0.5	UniRef90-based
